State,Census Population,Current Population Estimate,Census Population Per Representative for Calculation,Pop plus one,Growth,House Seats,Queue,Wins,Electoral College Votes,Census Population Per Representative for Calculation,Current Population Per EC Vote,Pop plus two,CA vs,vs CA,TX vs,vs TX,NY vs,vs NY,FL vs,vs FL,IL vs,vs IL,PA vs,vs PA,OH vs,vs OH,MI vs,vs MI,GA vs,vs GA,NC vs,vs NC,NJ vs,vs NJ,VA vs,vs VA,WA vs,vs WA,MA vs,vs MA,IN vs,vs IN,AZ vs,vs AZ,TN vs,vs TN,MO vs,vs MO,MD vs,vs MD,WI vs,vs WI,MN vs,vs MN,CO vs,vs CO,AL vs,vs AL,SC vs,vs SC,LA vs,vs LA,KY vs,vs KY,OR vs,vs OR,OK vs,vs OK,CT vs,vs CT,IA vs,vs IA,MS vs,vs MS,AR vs,vs AR,KS vs,vs KS,UT vs,vs UT,NV vs,vs NV,NM vs,vs NM,WV vs,vs WV,NE vs,vs NE,ID vs,vs ID,HI vs,vs HI,ME vs,vs ME,NH vs,vs NH,RI vs,vs RI,MT vs,vs MT,DE vs,vs DE,SD vs,vs SD,AK vs,vs AK,ND vs,vs ND,VT vs,vs VT,WY vs,vs WY,CA Wins,TX Wins,NY Wins,FL Wins,IL Wins,PA Wins,OH Wins,MI Wins,GA Wins,NC Wins,NJ Wins,VA Wins,WA Wins,MA Wins,IN Wins,AZ Wins,TN Wins,MO Wins,MD Wins,WI Wins,MN Wins,CO Wins,AL Wins,SC Wins,LA Wins,KY Wins,OR Wins,OK Wins,CT Wins,IA Wins,MS Wins,AR Wins,KS Wins,UT Wins,NV Wins,NM Wins,WV Wins,NE Wins,ID Wins,HI Wins,ME Wins,NH Wins,RI Wins,MT Wins,DE Wins,SD Wins,AK Wins,ND Wins,VT Wins,WY Wins,Current Population Per Representative,Current Population per Electoral College Vote,Priority Number,Electoral College,House Seats,Senators
Texas,25268418,28701845,701901,682930,12,36,12,38,38,701901,755312,682930,2,3,,,1,5,4,3,4,5,5,4,3,6,6,4,8,2,3,8,4,7,5,7,14,1,7,7,8,6,9,4,10,4,5,10,9,6,11,4,19,3,11,6,17,0,21,3,8,11,13,6,9,13,12,10,18,5,15,12,18,9,20,7,23,5,27,1,30,1,36,1,51,9,53,11,34,15,54,0,58,2,59,3,100,23,41,46,56,32,71,20,95,6,108,1,123,8,147,17,1,0,1,0,1,0,1,0,0,1,1,1,0,0,0,0,0,1,0,0,0,0,0,0,1,0,1,0,0,0,0,0,0,0,0,0,0,0,0,0,0,0,0,1,0,0,0,0,0,0,797273,14350923,692350,38,36,2
Florida,18900773,21299325,700029,675028,11,27,15,35,29,700029,734459,675028,1,4,3,4,1,7,,,3,6,4,5,3,7,6,5,8,3,2,9,3,9,5,8,14,0,7,8,8,7,9,6,10,5,5,11,9,7,11,6,19,2,11,7,17,2,21,2,8,12,13,7,9,14,12,12,17,6,15,13,18,10,20,8,22,6,26,3,29,0,35,2,51,8,53,10,33,17,54,1,58,1,59,2,99,22,41,47,55,33,71,21,94,7,107,0,122,7,146,16,1,1,1,0,1,1,1,0,0,1,1,1,0,1,0,0,0,1,0,0,0,0,0,0,1,0,1,0,0,0,0,0,0,0,0,0,0,0,0,0,0,0,0,1,0,0,0,0,0,0,788864,10649663,687414,29,27,2
California,37341989,39557045,704566,691518,6,53,10,40,55,704566,719219,691518,,,3,2,2,4,4,1,4,3,5,2,4,5,7,2,9,0,3,6,4,6,5,6,15,2,7,5,8,4,10,3,11,2,5,9,10,5,11,3,19,4,12,4,17,1,21,4,8,10,13,5,10,11,12,9,18,4,15,10,18,8,20,6,23,4,27,0,30,2,36,0,52,10,54,12,34,14,55,1,59,4,60,4,100,24,42,44,56,30,72,19,95,4,108,2,124,9,148,18,0,0,1,0,0,0,1,0,0,1,1,1,0,0,0,0,0,1,0,0,0,0,0,0,1,0,1,0,0,0,0,0,0,0,0,0,0,0,0,0,0,0,0,1,0,0,0,0,0,0,746359,19778523,698012,55,53,2
North Carolina,9565781,10383620,735829,683270,8,13,1,49,15,735829,692241,683270,6,3,8,3,6,5,9,2,9,5,10,4,8,6,11,4,13,2,,,9,7,10,7,20,1,12,7,13,6,15,4,15,4,10,10,14,6,16,4,25,3,17,5,23,0,27,3,13,11,18,6,15,13,17,10,23,5,20,12,24,9,26,7,28,5,33,1,36,1,42,1,58,9,61,11,40,15,62,0,66,2,67,3,109,23,48,46,63,32,80,20,104,6,118,1,133,8,159,17,0,0,0,0,0,0,0,0,0,0,0,0,0,0,0,0,0,0,0,0,0,0,0,0,0,0,0,0,0,0,0,0,0,0,0,0,0,0,0,0,0,0,0,0,0,0,0,0,0,0,798740,5191810,709063,15,13,2
New York,19421055,19542209,719298,693609,1,27,3,47,29,719298,673869,693609,4,2,5,1,,,7,1,6,3,7,2,6,4,9,2,11,0,5,6,6,6,7,5,17,3,10,5,11,4,12,3,13,2,8,8,12,4,14,3,22,4,14,4,20,1,24,4,11,9,16,5,12,11,15,9,20,3,18,10,21,7,23,5,26,3,30,0,33,2,39,1,55,11,57,12,37,13,58,1,62,4,63,5,104,24,45,43,60,30,75,18,99,4,113,3,128,9,153,18,0,0,0,0,0,0,0,0,0,1,0,0,0,0,0,0,0,1,0,0,0,0,0,0,0,0,0,0,0,0,0,0,0,0,0,0,0,0,0,0,0,0,0,0,0,0,0,0,0,0,723786,9771105,706337,29,27,2
Georgia,9727566,10519475,694826,648504,8,14,26,24,16,694826,657467,648504,0,9,2,8,0,11,3,8,3,10,4,9,2,11,5,9,,,2,13,3,13,4,13,13,4,6,12,7,11,8,10,9,9,4,16,8,12,10,10,18,2,10,11,16,6,20,2,7,17,12,12,8,19,11,16,16,10,14,18,17,15,19,13,21,10,25,7,28,4,34,6,49,4,52,6,32,21,53,5,56,3,58,2,98,19,40,53,54,39,70,26,93,11,106,4,120,3,145,12,1,1,1,1,1,1,1,1,0,1,1,1,0,1,1,1,1,1,1,1,0,1,0,0,1,1,1,1,0,1,0,0,0,0,0,0,0,0,0,0,0,0,0,1,0,0,0,0,0,0,751391,5259738,671266,16,14,2
Virginia,8037736,8517685,730703,669811,6,11,9,41,13,730703,655207,669811,6,5,7,5,5,7,8,5,8,7,9,6,7,8,11,6,13,4,7,10,8,10,,,19,1,11,9,12,8,14,6,15,6,9,12,14,8,15,6,24,1,16,8,22,2,26,1,12,13,18,8,14,15,16,12,22,7,20,14,23,11,25,9,28,7,32,3,35,1,41,3,57,7,60,9,39,17,60,2,64,0,66,1,108,21,47,48,62,34,78,22,103,8,116,1,132,6,157,15,0,0,1,0,0,0,1,0,0,1,1,0,0,0,0,0,0,1,0,0,0,0,0,0,1,0,1,0,0,0,0,0,0,0,0,0,0,0,0,0,0,0,0,1,0,0,0,0,0,0,774335,4258843,699595,13,11,2
Arizona,6412700,7171646,712522,641270,11,9,21,29,11,712522,651968,641270,3,10,4,9,3,12,6,9,5,11,6,10,5,13,8,10,10,8,4,15,5,14,6,14,16,5,9,14,10,13,,,12,10,7,17,11,13,13,11,21,4,13,12,19,7,23,3,10,18,15,13,11,20,14,17,19,12,17,19,20,16,22,14,24,12,29,8,31,6,38,7,53,3,56,5,36,23,56,7,60,4,62,3,103,18,43,55,58,40,74,28,98,13,111,5,126,2,151,11,1,1,1,1,1,1,1,1,0,1,1,1,0,1,1,0,0,1,1,0,0,0,0,0,1,0,1,1,0,1,0,0,0,0,0,0,0,0,0,0,0,0,0,1,0,0,0,0,0,0,796850,3585823,675958,11,9,2
Ohio,11568495,11689442,723031,680500,1,16,8,42,18,723031,649413,680500,5,4,6,3,4,6,7,3,7,5,8,4,,,9,4,11,2,6,8,7,8,8,7,18,1,10,7,11,6,13,5,13,4,8,10,12,6,14,5,22,2,15,6,20,1,25,2,11,12,16,7,13,13,15,11,21,5,18,12,21,9,24,8,26,5,30,2,33,0,40,1,56,9,58,10,38,16,59,0,63,2,64,3,106,22,45,46,61,32,76,20,100,6,114,1,129,7,154,16,0,0,1,0,0,0,0,0,0,1,1,0,0,0,0,0,0,1,0,0,0,0,0,0,1,0,1,0,0,0,0,0,0,0,0,0,0,0,0,0,0,0,0,1,0,0,0,0,0,0,730590,5844721,701443,18,16,2
Pennsylvania,12734905,12807060,707495,670258,1,18,14,36,20,707495,640353,670258,2,5,4,5,2,7,5,4,4,7,,,4,8,7,6,9,4,4,10,4,10,6,9,15,1,8,9,9,8,10,6,11,6,6,12,10,8,12,6,20,1,12,8,18,2,22,1,9,13,14,8,10,15,13,12,19,7,16,14,19,11,21,9,24,7,28,3,31,1,37,3,52,8,54,9,35,17,55,2,59,1,61,1,101,21,42,48,57,34,73,22,96,8,109,1,124,6,149,15,1,1,1,0,1,0,1,0,0,1,1,1,0,1,0,0,0,1,0,0,0,0,0,0,1,0,1,0,0,0,0,0,0,0,0,0,0,0,0,0,0,0,0,1,0,0,0,0,0,0,711503,6403530,688625,20,18,2
Illinois,12864380,12741080,714688,677073,-1,18,11,39,20,714688,637054,677073,3,4,5,4,3,6,6,3,,,7,4,5,7,8,5,10,3,5,9,5,8,7,8,16,0,9,8,10,7,11,5,12,5,7,11,11,7,13,5,21,2,13,6,19,1,23,2,10,12,15,7,11,14,14,11,20,6,17,13,20,10,22,8,25,6,29,2,32,0,38,2,54,8,56,10,36,16,57,1,61,2,62,2,103,22,44,47,59,33,74,21,98,7,111,0,127,7,152,16,1,0,1,0,0,0,1,0,0,1,1,1,0,0,0,0,0,1,0,0,0,0,0,0,1,0,1,0,0,0,0,0,0,0,0,0,0,0,0,0,0,0,0,1,0,0,0,0,0,0,707838,6370540,695626,20,18,2
New Jersey,8807501,8908520,733958,677500,1,12,4,46,14,733958,636323,677500,6,4,7,4,6,6,9,3,8,5,10,4,8,7,11,4,13,3,7,9,,,10,8,20,0,12,8,13,7,14,5,15,5,10,11,14,7,16,5,24,2,16,6,22,1,26,2,13,12,18,7,14,14,17,11,23,6,20,13,23,10,25,8,28,6,32,2,35,0,42,2,58,8,60,10,40,16,61,1,65,2,67,2,109,22,48,47,63,33,79,21,103,6,117,0,133,7,158,16,0,0,1,0,0,0,0,0,0,1,0,0,0,0,0,0,0,1,0,0,0,0,0,0,0,0,0,0,0,0,0,0,0,0,0,0,0,0,0,0,0,0,0,0,0,0,0,0,0,0,742377,4454260,705164,14,12,2
Colorado,5044930,5695564,720704,630616,11,7,22,28,9,720704,632840,630616,4,12,6,11,4,14,7,11,6,13,8,12,6,15,9,12,11,10,5,17,6,16,8,16,17,7,10,16,11,15,12,13,13,12,8,19,12,15,14,13,22,5,,,20,9,24,5,11,20,16,15,12,22,15,19,21,14,18,21,21,18,23,16,26,14,30,10,33,7,39,9,55,2,57,3,37,25,58,8,62,6,64,5,105,16,45,58,60,43,76,30,100,14,113,7,129,0,154,10,1,1,1,1,1,1,1,1,0,1,1,1,0,1,1,1,0,1,1,0,0,0,0,0,1,0,1,1,0,1,0,0,0,0,0,0,0,0,0,0,0,0,0,1,0,0,0,0,0,0,813652,2847782,674157,9,7,2
Washington,6753369,7535591,675337,613943,10,10,30,20,12,675337,627966,613943,2,15,1,14,3,17,0,14,0,16,1,15,1,18,2,15,4,13,1,20,0,20,1,19,,,3,19,4,18,5,16,6,15,1,22,5,18,7,16,14,8,7,17,12,12,16,8,4,24,9,18,5,25,8,23,13,17,11,24,13,21,15,19,18,17,22,13,25,10,31,12,45,1,47,1,29,28,48,11,52,9,53,8,92,14,36,62,50,47,65,34,87,18,100,10,114,3,138,7,1,1,1,1,1,1,1,1,1,1,1,1,0,1,1,1,1,1,1,1,0,1,0,0,1,1,1,1,1,1,1,1,0,0,0,0,0,0,0,0,0,0,0,1,0,0,0,0,0,0,753559,3767796,643908,12,10,2
Massachusetts,6559644,6902149,728849,655964,5,9,13,37,11,728849,627468,655964,5,7,7,7,5,10,8,7,8,9,9,8,7,10,10,8,12,6,7,12,8,12,9,11,19,3,,,12,10,14,9,14,8,9,15,13,10,15,9,23,1,16,10,21,5,26,1,12,16,17,11,14,17,16,15,22,9,19,16,22,14,25,12,27,9,32,6,35,3,41,5,57,5,59,7,39,20,60,4,64,2,65,1,107,20,47,52,62,37,78,25,102,10,116,3,131,4,157,13,1,1,1,0,1,0,1,0,0,1,1,1,0,0,0,0,0,1,0,0,0,0,0,0,1,0,1,0,0,0,0,0,0,0,0,0,0,0,0,0,0,0,0,1,0,0,0,0,0,0,766905,3451075,691447,11,9,2
Michigan,9911626,9995915,707973,660775,1,14,18,32,16,707973,624745,660775,2,7,4,6,2,9,5,6,5,8,6,7,4,9,,,9,5,4,11,4,11,6,11,15,2,8,10,9,9,10,8,11,7,6,14,10,10,12,8,20,1,12,9,18,4,22,0,9,15,14,10,10,16,13,14,19,8,16,16,19,13,21,11,24,8,28,5,31,3,37,4,52,6,55,8,35,19,55,3,59,1,61,0,101,20,42,50,57,36,73,24,96,9,109,2,125,5,149,14,1,1,1,1,1,1,1,0,0,1,1,1,0,1,1,0,0,1,0,0,0,0,0,0,1,0,1,1,0,0,0,0,0,0,0,0,0,0,0,0,0,0,0,1,0,0,0,0,0,0,713994,4997958,683967,16,14,2
Tennessee,6375431,6770010,708381,637543,6,9,23,27,11,708381,615455,637543,2,11,4,10,2,13,5,10,5,12,6,11,4,13,7,11,9,9,4,15,5,15,6,15,15,6,8,14,9,13,10,12,,,6,18,10,14,12,12,20,4,12,13,18,8,22,4,9,19,14,14,10,21,13,18,19,12,16,20,19,17,21,15,24,12,28,9,31,6,37,8,52,3,55,4,35,23,55,7,59,5,61,4,101,17,42,56,57,41,73,29,96,13,110,6,125,1,149,11,1,1,1,1,1,1,1,1,0,1,1,1,0,1,1,1,0,1,1,0,0,1,0,0,1,0,1,1,0,1,0,0,0,0,0,0,0,0,0,0,0,0,0,1,0,0,0,0,0,0,752223,3385005,672029,11,9,2
Missouri,6011478,6126452,751435,667942,2,8,2,48,10,751435,612645,667942,9,5,10,5,8,8,11,5,11,7,12,6,10,8,14,6,16,4,10,10,11,10,12,9,22,1,15,9,16,8,17,7,18,6,,,17,8,19,7,27,1,19,8,25,3,29,1,16,14,21,9,17,15,20,13,26,7,23,14,26,11,28,10,31,7,36,4,39,1,45,3,62,7,64,9,43,18,65,2,69,0,71,1,114,21,51,49,67,35,83,23,108,8,122,1,138,6,164,15,0,0,0,0,0,0,0,0,0,1,0,0,0,0,0,0,0,0,0,0,0,0,0,0,0,0,0,0,0,0,0,0,0,0,0,0,0,0,0,0,0,0,0,0,0,0,0,0,0,0,765807,3063226,708459,10,8,2
Indiana,6501582,6691878,722398,650158,3,9,17,33,11,722398,608353,650158,4,8,6,8,4,11,7,8,7,10,8,9,6,11,9,9,11,7,6,13,7,13,8,12,18,4,10,12,,,13,10,13,9,8,16,12,11,14,10,22,2,15,11,20,6,24,2,11,17,16,12,13,18,15,16,21,10,18,17,21,15,23,13,26,10,30,7,33,4,40,6,55,5,58,6,38,21,59,5,63,3,64,2,105,19,45,53,60,39,76,26,100,11,114,4,129,3,154,13,1,1,1,1,1,1,1,0,0,1,1,1,0,1,0,0,0,1,0,0,0,0,0,0,1,0,1,1,0,0,0,0,0,0,0,0,0,0,0,0,0,0,0,1,0,0,0,0,0,0,743542,3345939,685327,11,9,2
Maryland,5789929,6042718,723741,643325,4,8,20,30,10,723741,604272,643325,5,10,6,9,4,12,7,9,7,11,8,10,6,12,10,10,12,8,6,14,7,14,8,14,18,5,10,13,11,12,13,11,14,10,8,17,,,14,11,23,3,15,12,21,7,25,3,11,18,16,13,13,20,15,17,21,11,18,19,22,16,24,14,26,11,31,8,34,5,40,7,56,4,58,5,38,22,59,6,63,4,64,3,106,18,46,55,61,40,77,27,101,12,114,5,130,2,155,12,1,1,1,1,1,1,1,1,0,1,1,1,0,1,1,0,0,1,0,0,0,0,0,0,1,0,1,1,0,1,0,0,0,0,0,0,0,0,0,0,0,0,0,1,0,0,0,0,0,0,755340,3021359,682350,10,8,2
Oregon,3848606,4190713,769721,641434,8,5,7,43,7,769721,598673,641434,11,10,13,9,11,12,14,9,14,11,15,10,13,13,16,10,19,8,13,15,14,14,15,14,25,5,17,14,18,13,20,11,21,10,15,17,20,13,22,11,30,4,22,12,28,7,33,3,18,18,24,13,,,23,17,29,12,26,19,29,16,32,14,34,12,39,8,42,6,49,7,66,3,68,5,47,23,69,7,73,4,75,3,119,18,55,55,71,40,88,28,113,12,128,5,144,2,171,11,0,0,1,0,0,0,0,0,0,1,1,0,0,0,0,0,0,1,0,0,0,0,0,0,1,0,0,0,0,0,0,0,0,0,0,0,0,0,0,0,0,0,0,1,0,0,0,0,0,0,838143,2095357,702656,7,5,2
Louisiana,4553962,4659978,758994,650566,2,6,6,44,8,758994,582497,650566,10,8,11,8,9,11,12,8,12,10,13,9,12,11,15,9,17,7,11,13,12,13,13,12,24,4,16,12,17,11,18,10,19,9,14,16,18,11,20,9,29,2,20,11,26,5,31,2,,,22,11,18,18,21,16,27,10,24,17,27,14,30,12,33,10,37,6,40,4,47,6,63,5,66,6,45,21,67,5,71,2,72,2,116,19,53,53,69,38,85,26,110,11,125,4,141,3,167,13,0,0,1,0,0,0,0,0,0,1,1,0,0,0,0,0,0,1,0,0,0,0,0,0,0,0,0,0,0,0,0,0,0,0,0,0,0,0,0,0,0,0,0,1,0,0,0,0,0,0,776663,2329989,702692,8,6,2
Wisconsin,5698230,5813568,712279,633137,2,8,24,26,10,712279,581357,633137,3,11,4,11,3,14,6,11,5,13,6,12,5,14,8,12,10,10,4,16,5,16,6,15,16,7,9,15,10,14,11,13,12,12,7,19,11,14,,,21,5,13,14,19,8,23,5,9,20,15,15,11,22,14,19,19,13,17,21,20,18,22,16,24,13,29,9,31,7,38,9,53,2,56,4,36,24,56,8,60,5,62,4,102,17,43,57,58,42,74,29,97,14,111,7,126,0,151,10,1,1,1,1,1,1,1,1,0,1,1,1,0,1,1,1,1,1,1,0,0,1,0,0,1,0,1,1,0,1,0,0,0,0,0,0,0,0,0,0,0,0,0,1,0,0,0,0,0,0,726696,2906784,671543,10,8,2
South Carolina,4645975,5084127,663711,580747,9,7,36,14,9,663711,564903,580747,4,21,3,21,4,24,2,21,2,23,1,22,2,25,0,22,2,20,3,27,2,26,1,26,8,16,1,26,2,24,3,23,4,22,1,29,3,25,5,23,12,14,5,24,11,18,,,2,31,7,25,3,33,6,30,11,23,9,31,11,28,13,26,16,23,20,19,22,17,28,19,43,7,45,5,27,35,46,18,49,15,51,14,89,9,33,71,47,55,62,41,84,24,96,16,111,9,134,2,1,1,1,1,1,1,1,1,1,1,1,1,1,1,1,1,1,1,1,1,1,1,1,0,1,1,1,1,1,1,1,1,1,0,0,0,0,0,1,0,0,0,0,1,1,0,0,0,0,0,726304,2542064,620845,9,7,2
Oklahoma,3764882,3943079,752976,627480,5,5,16,34,7,752976,563297,627480,9,12,10,12,9,15,12,12,11,14,12,13,11,15,14,13,16,11,10,17,11,17,12,16,23,8,15,16,16,15,17,14,18,13,13,20,17,15,19,14,28,6,19,15,25,9,30,6,16,21,21,16,17,23,,,26,14,23,22,26,19,29,17,31,14,36,10,39,8,46,10,62,1,64,3,44,25,65,9,69,6,71,5,114,16,51,58,67,44,84,31,109,15,123,8,139,0,165,9,1,1,1,1,1,1,1,0,0,1,1,1,0,1,0,0,0,1,0,0,0,0,0,0,1,0,1,0,0,0,0,0,0,0,0,0,0,0,0,0,0,0,0,1,0,0,0,0,0,0,788616,1971540,687370,7,5,2
Minnesota,5314879,5611179,664360,590542,5,8,35,15,10,664360,561118,590542,4,19,3,19,4,22,2,19,2,21,1,20,2,22,1,20,2,18,3,25,2,24,1,24,8,14,1,23,2,22,4,21,4,20,1,27,3,23,5,21,,,5,22,11,16,14,12,2,29,7,23,4,30,6,28,11,21,9,29,12,26,14,24,16,21,20,17,23,15,29,17,43,5,45,3,27,33,46,16,50,13,51,12,89,11,34,68,47,53,62,39,84,22,97,14,111,7,134,4,1,1,1,1,1,1,1,1,1,1,1,1,1,1,1,1,1,1,1,1,0,1,1,0,1,1,1,1,1,1,1,1,1,0,0,0,0,0,1,0,0,0,0,1,1,0,0,0,0,0,701397,2805590,626364,10,8,2
Kentucky,4350606,4468402,725101,621515,3,6,25,25,8,725101,558550,621515,5,13,6,13,5,16,7,13,7,15,8,14,7,16,10,14,12,12,6,18,7,18,8,18,18,9,11,17,12,16,13,15,14,14,9,21,13,16,15,15,23,7,15,16,21,10,25,7,11,22,,,13,24,16,21,21,15,19,23,22,20,24,18,27,15,31,11,34,9,40,11,56,0,58,2,38,27,59,10,63,7,65,6,106,15,46,60,61,45,77,32,101,16,115,9,130,1,155,9,1,1,1,1,1,1,1,1,0,1,1,1,0,1,1,1,1,1,1,1,0,1,0,0,1,0,1,1,0,1,0,0,0,0,0,0,0,0,0,0,0,0,0,1,0,0,0,0,0,0,744734,2234201,671313,8,6,2
Alabama,4802982,4887871,686140,600373,2,7,32,18,9,686140,543097,600373,1,17,0,17,1,20,2,17,1,19,2,18,1,20,4,18,6,16,0,23,1,22,2,22,12,12,5,21,6,20,7,19,8,18,3,25,7,21,8,19,16,11,9,20,,,18,11,5,26,10,21,7,28,9,25,15,19,12,27,15,24,17,22,20,19,24,15,27,13,33,15,48,3,50,2,31,31,51,14,54,11,56,10,95,12,38,66,52,50,67,37,90,20,103,13,118,5,141,5,1,1,1,1,1,1,1,1,1,1,1,1,1,1,1,1,1,1,1,1,0,1,0,0,1,1,1,1,1,1,1,1,0,0,0,0,0,0,1,0,0,0,0,1,0,0,0,0,0,0,698267,2443936,641825,9,7,2
Utah,2770765,3161105,692691,554153,12,4,37,13,6,692691,526851,554153,0,27,1,27,0,30,3,26,2,29,3,28,2,30,5,28,7,25,1,33,2,32,3,32,13,22,6,32,7,30,8,29,9,28,4,36,8,31,9,29,17,20,10,30,15,24,19,20,6,37,11,31,8,39,10,36,16,29,13,38,16,34,18,32,21,29,,,28,22,34,24,49,12,51,10,32,42,52,23,56,20,57,19,97,5,39,79,54,63,69,48,92,30,105,22,120,14,144,3,1,1,1,1,1,1,1,1,1,1,1,1,1,1,1,1,1,1,1,1,1,1,1,1,1,1,1,1,1,1,1,1,1,0,0,0,0,0,1,0,0,0,0,1,1,0,0,0,0,0,790276,1580553,619562,6,4,2
Iowa,3053787,3156145,763447,610757,3,4,19,31,6,763447,526024,610757,10,15,12,15,10,18,13,15,13,17,14,16,12,18,16,16,18,14,12,20,13,20,14,20,24,11,16,19,17,18,19,17,20,16,14,23,19,18,21,17,29,9,21,18,27,12,31,9,17,24,23,19,19,26,22,23,28,17,,,28,22,30,20,33,17,38,13,41,11,48,13,64,2,67,0,46,29,68,12,72,9,73,8,117,14,54,63,69,48,86,34,112,18,126,11,142,3,169,7,1,1,1,1,1,1,1,1,0,1,1,1,0,1,1,0,0,1,0,0,0,0,0,0,1,0,1,1,0,0,0,0,0,0,0,0,0,0,0,0,0,0,0,1,0,0,0,0,0,0,789036,1578073,682848,6,4,2
Connecticut,3581628,3572665,716326,596938,0,5,29,21,7,716326,510381,596938,4,18,5,18,3,20,6,17,6,20,7,19,5,21,8,19,10,16,5,23,6,23,7,22,17,13,9,22,10,21,12,19,12,19,7,26,11,21,13,19,21,11,14,21,19,15,23,11,10,27,15,21,12,29,14,26,,,17,28,20,25,22,23,25,20,29,16,32,13,39,15,54,4,56,2,37,32,57,14,61,12,63,11,104,12,44,67,59,51,75,37,99,21,112,13,127,6,152,5,1,1,1,1,1,1,1,1,1,1,1,1,0,1,1,1,1,1,1,1,0,1,0,0,1,1,1,1,0,1,1,1,0,0,0,0,0,0,0,0,0,0,0,1,0,0,0,0,0,0,714533,1786333,653913,7,5,2
Nevada,2709432,3034392,677358,541886,11,4,38,12,6,677358,505732,541886,2,30,1,30,2,33,0,29,0,32,1,31,0,33,3,31,4,28,1,36,0,35,1,35,10,25,3,35,4,33,6,31,6,31,1,39,5,34,7,31,15,23,7,33,13,27,17,22,4,40,9,34,6,42,8,39,13,32,11,41,14,37,16,35,18,32,22,28,,,31,27,46,14,48,13,29,45,49,26,52,23,54,22,93,3,36,84,50,66,65,51,88,33,100,25,115,16,138,5,1,1,1,1,1,1,1,1,1,1,1,1,1,1,1,1,1,1,1,1,1,1,1,1,1,1,1,1,1,1,1,1,1,1,0,0,0,0,1,0,0,0,0,1,1,0,0,0,0,0,758598,1517196,605847,6,4,2
Arkansas,2926229,3013825,731557,585246,3,4,28,22,6,731557,502304,585246,6,20,7,20,5,23,8,20,8,22,9,21,8,24,11,21,13,19,7,26,8,25,9,25,19,15,12,25,13,23,14,22,15,21,10,28,14,24,16,22,24,14,16,23,22,17,26,13,12,30,18,24,14,32,17,29,23,22,20,30,23,27,,,28,22,32,18,35,16,42,18,57,6,60,4,39,34,61,17,65,14,66,13,108,10,47,70,62,54,78,40,103,23,116,15,132,8,157,3,1,1,1,1,1,1,1,1,1,1,1,1,0,1,1,1,1,1,1,1,0,1,0,0,1,1,1,1,0,1,1,0,0,0,0,0,0,0,0,0,0,0,0,1,0,0,0,0,0,0,753456,1506913,654325,6,4,2
Mississippi,2978240,2986530,744560,595648,0,4,27,23,6,744560,497755,595648,8,18,9,18,7,21,10,18,10,20,11,19,9,21,13,19,15,17,9,24,10,23,11,23,21,13,14,22,15,21,16,20,17,19,11,26,16,22,18,20,26,12,18,21,24,15,28,11,14,27,20,22,16,29,19,26,25,20,22,28,,,27,23,30,20,34,16,37,14,44,16,60,4,63,3,42,32,63,15,68,12,69,11,112,11,50,67,65,51,82,38,106,21,120,13,136,6,162,5,1,1,1,1,1,1,1,1,1,1,1,1,0,1,1,1,1,1,1,1,0,1,0,0,1,1,1,1,0,1,0,0,0,0,0,0,0,0,0,0,0,0,0,1,0,0,0,0,0,0,746633,1493265,665955,6,4,2
Kansas,2863813,2911505,715953,572763,2,4,33,17,6,715953,485251,572763,4,23,5,23,3,26,6,22,6,25,7,24,5,26,8,24,10,21,5,28,6,28,7,28,17,18,9,27,10,26,12,24,12,24,7,31,11,26,13,24,21,16,14,26,19,20,23,16,10,33,15,27,12,34,14,31,20,25,17,33,20,30,22,28,,,29,21,32,18,39,20,54,8,56,7,37,37,57,19,61,16,63,15,104,8,44,74,59,57,75,43,98,26,112,18,127,10,152,1,1,1,1,1,1,1,1,1,1,1,1,1,1,1,1,1,1,1,1,1,0,1,1,0,1,1,1,1,1,1,1,1,0,0,0,0,0,0,1,0,0,0,0,1,0,0,0,0,0,0,727876,1455753,640368,6,4,2
Idaho,1573499,1754208,786750,524500,10,2,31,19,4,786750,438552,524500,14,34,15,34,13,37,17,33,16,36,17,35,16,38,19,35,21,32,15,40,16,40,17,39,28,29,20,39,21,38,23,36,23,35,18,43,22,38,24,36,33,27,25,37,31,31,35,27,21,45,27,38,23,47,25,44,32,37,29,46,32,42,34,39,37,37,42,32,45,29,52,31,69,18,72,16,,,73,30,77,27,79,26,124,1,58,90,75,72,92,56,118,38,133,29,150,20,177,8,1,1,1,1,1,1,1,1,1,1,1,1,1,1,1,1,1,1,1,1,0,1,0,0,1,1,1,1,1,1,1,1,0,0,0,0,0,0,0,0,0,0,0,1,0,0,0,0,0,0,877104,877104,642378,4,2,2
New Mexico,2067273,2095428,689091,516818,1,3,39,11,5,689091,419086,516818,0,36,1,36,1,39,2,35,2,38,3,37,1,40,4,37,6,34,1,42,2,42,3,41,12,31,5,41,6,40,7,38,8,37,3,45,7,40,9,38,17,29,9,39,15,33,19,28,6,47,11,40,7,49,10,46,15,39,13,48,16,44,18,42,20,39,24,34,27,31,,,48,20,50,18,31,52,51,32,55,29,56,28,96,2,39,92,53,74,68,59,91,40,104,31,119,22,143,10,1,1,1,1,1,1,1,1,1,1,1,1,1,1,1,1,1,1,1,1,1,1,1,1,1,1,1,1,1,1,1,1,1,1,1,0,0,0,1,0,0,0,0,1,1,0,0,0,0,0,698476,1047714,596770,5,3,2
Nebraska,1831825,1929268,610608,457956,5,3,45,5,5,610608,385854,457956,12,54,11,53,12,57,10,53,10,56,9,54,10,58,8,55,6,52,11,61,10,60,9,60,1,47,7,59,6,58,5,56,4,55,9,64,5,58,4,56,3,45,3,57,2,50,5,45,6,66,2,58,5,68,3,64,2,56,0,67,3,63,4,60,7,56,10,51,13,48,18,50,31,35,,,16,72,34,49,37,46,39,44,74,15,23,117,36,97,49,79,69,58,81,48,94,38,115,24,1,1,1,1,1,1,1,1,1,1,1,1,1,1,1,1,1,1,1,1,1,1,1,1,1,1,1,1,1,1,1,1,1,1,1,1,1,0,1,1,1,1,0,1,1,1,0,0,0,0,643089,964634,528802,5,3,2
West Virginia,1859815,1805832,619938,464954,-3,3,44,6,5,619938,361166,464954,10,52,9,51,11,55,8,51,8,54,8,52,9,56,6,52,4,49,9,58,8,58,7,57,1,45,5,57,5,55,3,53,3,52,7,62,4,56,2,53,5,43,2,55,3,48,7,43,5,63,0,56,3,66,1,62,4,54,2,64,4,60,6,57,8,54,12,49,14,46,20,48,,,35,31,18,69,36,47,40,43,41,42,76,13,25,114,38,94,51,76,72,55,83,45,97,36,118,22,1,1,1,1,1,1,1,1,1,1,1,1,1,1,1,1,1,1,1,1,1,1,1,1,1,1,1,1,1,1,1,1,1,1,1,1,0,0,1,1,1,1,0,1,1,1,0,0,0,0,601944,902916,536882,5,3,2
Hawaii,1366862,1420491,683431,455621,4,2,41,9,4,683431,355123,455621,1,55,0,54,1,58,1,54,1,57,2,55,0,59,3,55,5,53,0,62,1,61,2,60,11,48,4,60,5,59,7,56,7,55,2,65,6,59,8,56,16,46,8,58,14,51,18,46,5,67,10,59,7,69,9,65,14,57,12,68,15,63,17,61,19,57,23,52,26,49,32,51,47,36,49,34,30,73,,,54,46,55,45,94,16,37,118,52,98,67,80,89,58,102,48,117,38,141,25,1,1,1,1,1,1,1,1,1,1,1,1,1,1,1,1,1,1,1,1,1,1,1,1,1,1,1,1,1,1,1,1,1,1,1,1,0,0,1,0,0,0,0,1,1,1,0,0,0,0,710246,710246,558019,4,2,2
Montana,994416,1062305,994416,497208,6,1,5,45,3,994416,354102,497208,44,42,46,41,43,45,47,41,47,44,48,42,46,45,50,42,53,40,46,48,47,48,48,47,62,36,52,47,53,45,55,43,56,42,49,51,55,46,57,43,68,34,58,45,66,38,71,33,53,53,60,46,55,55,58,51,67,44,63,54,67,50,70,47,74,44,79,39,84,36,92,39,114,25,117,23,90,58,118,37,124,34,126,33,183,6,,,121,81,143,65,176,45,194,36,216,27,250,14,0,0,1,0,0,0,0,0,0,1,1,0,0,0,0,0,0,1,0,0,0,0,0,0,0,0,0,0,0,0,0,0,0,0,0,0,0,0,0,0,0,0,0,0,0,0,0,0,0,0,1062305,531153,703158,3,1,2
New Hampshire,1321445,1356458,660723,440482,3,2,43,7,4,660723,339115,440482,4,60,3,59,5,63,2,59,2,62,1,61,3,64,0,61,2,58,3,67,2,67,1,66,8,53,1,65,2,64,3,62,4,61,1,71,3,64,4,62,12,51,5,64,10,56,14,51,2,72,6,65,3,75,5,71,11,63,8,73,11,69,13,66,15,63,19,57,22,54,28,56,42,41,44,39,26,79,45,55,49,51,,,88,20,33,126,47,105,61,86,83,64,96,53,110,43,133,29,1,1,1,1,1,1,1,1,1,1,1,1,1,1,1,1,1,1,1,1,1,1,1,1,1,1,1,1,1,1,1,1,1,1,1,1,0,0,1,1,1,0,0,1,1,1,0,0,0,0,678229,678229,539478,4,2,2
Maine,1333074,1338404,666537,444358,0,2,42,8,4,666537,334601,444358,4,59,2,58,4,62,1,58,2,61,1,59,2,63,1,59,3,56,2,66,2,65,0,64,9,52,2,64,3,63,4,60,5,59,0,69,4,63,5,60,13,50,6,62,11,54,15,49,2,71,7,63,4,73,6,69,12,61,9,72,12,68,14,65,16,61,20,56,23,52,29,55,43,40,46,37,27,77,46,54,,,51,49,89,19,34,124,48,103,63,84,85,62,97,52,111,42,135,28,1,1,1,1,1,1,1,1,1,1,1,1,1,1,1,1,1,1,1,1,1,1,1,1,1,1,1,1,1,1,1,1,1,1,1,1,0,0,1,1,0,0,0,1,1,1,0,0,0,0,669202,669202,544225,4,2,2
Delaware,900877,967171,900877,450439,7,1,34,16,3,900877,322390,450439,30,56,32,56,30,60,33,55,33,59,34,57,32,61,36,57,39,54,32,63,33,63,34,62,47,50,37,62,39,60,40,58,41,57,35,67,40,61,42,58,53,47,43,60,50,52,55,47,38,69,45,61,40,71,44,67,51,59,48,69,51,65,54,62,57,59,63,54,66,50,74,53,94,38,97,36,72,75,98,52,103,48,105,47,156,17,81,121,,,120,82,150,60,167,50,186,40,217,26,1,1,1,1,1,1,1,1,1,1,1,1,1,1,1,1,1,1,1,1,0,1,1,0,1,1,1,1,1,1,1,1,1,0,0,0,0,0,1,0,0,0,0,1,0,0,0,0,0,0,967171,483586,637016,3,1,2
South Dakota,819761,882235,819761,409881,7,1,40,10,3,819761,294078,409881,19,72,20,71,18,75,21,71,21,74,22,73,20,76,24,73,26,70,20,80,21,79,22,78,34,65,25,78,26,76,28,74,29,73,23,83,27,77,29,74,39,62,30,76,37,67,41,62,26,85,32,77,28,88,31,84,37,75,34,86,38,82,40,78,43,75,48,69,51,65,59,68,76,51,79,49,56,92,80,67,84,63,86,61,133,29,65,143,82,120,,,127,76,143,65,160,54,188,39,1,1,1,1,1,1,1,1,1,1,1,1,1,1,1,1,1,1,1,1,1,1,1,1,1,1,1,1,1,1,1,1,1,1,1,1,0,0,1,0,0,0,0,1,1,0,0,0,0,0,882235,441118,579659,3,1,2
Rhode Island,1055247,1057315,527624,351749,0,2,49,1,4,527624,264329,351749,24,100,23,100,24,104,22,99,22,103,21,101,22,106,20,101,19,98,23,109,22,109,21,108,14,92,20,107,19,105,18,103,17,101,21,114,18,106,17,102,11,89,16,105,12,95,9,89,19,116,15,106,18,119,16,114,12,104,14,117,11,112,10,108,8,104,5,97,3,93,2,96,13,76,15,74,1,124,16,94,19,89,20,88,,,6,183,17,156,29,133,46,105,56,92,67,79,86,62,1,1,1,1,1,1,1,1,1,1,1,1,1,1,1,1,1,1,1,1,1,1,1,1,1,1,1,1,1,1,1,1,1,1,1,1,1,1,1,1,1,1,0,1,1,1,1,1,1,0,528658,528658,430803,4,2,2
North Dakota,675905,760077,675905,337953,11,1,47,3,3,675905,253359,337953,2,108,1,108,3,113,0,107,0,111,1,109,1,114,2,109,4,106,1,118,0,117,1,116,10,100,3,116,4,114,5,111,6,110,1,122,5,114,7,111,14,97,7,113,13,103,16,96,4,125,9,115,5,128,8,123,13,112,11,126,13,120,15,116,18,112,22,105,25,100,31,104,45,83,48,81,29,133,48,102,52,97,53,96,92,56,36,194,50,167,65,143,87,113,,,114,87,138,68,1,1,1,1,1,1,1,1,1,1,1,1,1,1,1,1,1,1,1,1,1,1,1,1,1,1,1,1,1,1,1,1,1,1,1,1,1,1,1,1,1,1,0,1,1,1,1,0,0,0,760077,380039,477937,3,1,2
Alaska,721523,737438,721523,360762,2,1,46,4,3,721523,245813,360762,4,95,6,95,4,99,7,94,7,98,8,96,6,100,9,96,11,93,6,104,6,103,8,103,18,87,10,102,11,100,13,98,13,96,8,108,12,101,14,97,22,84,14,100,20,90,24,84,11,110,16,101,12,113,15,109,21,99,18,112,21,106,23,103,26,98,30,92,33,88,40,91,55,72,58,69,38,118,58,89,62,85,64,83,105,46,45,176,60,150,76,127,,,113,87,129,75,154,58,1,1,1,1,1,1,1,1,1,1,1,1,1,1,1,1,1,1,1,1,1,1,1,1,1,1,1,1,1,1,1,1,1,1,1,1,1,1,1,1,1,1,0,1,1,1,0,0,0,0,737438,368719,510194,3,1,2
Vermont,630337,626299,630337,315169,-1,1,48,2,3,630337,208766,315169,9,124,8,123,9,128,7,122,7,127,6,124,7,129,5,125,3,120,8,133,7,133,6,132,3,114,4,131,3,129,2,126,1,125,6,138,2,130,0,126,7,111,0,129,5,118,9,111,3,141,1,130,2,144,0,139,6,127,3,142,6,136,8,132,10,127,14,120,16,115,22,119,36,97,38,94,20,150,38,117,42,111,43,110,79,67,27,216,40,186,54,160,75,129,87,114,,,122,80,1,1,1,1,1,1,1,1,1,1,1,1,1,1,1,1,1,1,1,1,1,1,1,1,1,1,1,1,1,1,1,1,1,1,1,1,1,1,1,1,1,1,0,1,1,1,1,1,0,0,626299,313150,445716,3,1,2
Wyoming,568300,577737,568300,284150,2,1,50,0,3,568300,192579,284150,18,148,17,147,18,153,16,146,16,152,15,149,16,154,14,149,12,145,17,159,16,158,15,157,7,138,13,157,13,154,11,151,11,149,15,164,12,155,10,151,4,134,10,154,5,141,2,134,13,167,9,155,11,171,9,165,5,152,7,169,5,162,3,157,1,152,3,144,5,138,10,143,22,118,24,115,8,177,25,141,28,135,29,133,62,86,14,250,26,217,39,188,58,154,68,138,80,12,,,1,1,1,1,1,1,1,1,1,1,1,1,1,1,1,1,1,1,1,1,1,1,1,1,1,1,1,1,1,1,1,1,1,1,1,1,1,1,1,1,1,1,1,1,1,1,1,1,1,0,577737,288869,401849,3,1,2
